DNI,APE1,APE2,NOMBRE,DEPTO
00000001A,Díaz,Sánchez,María,V110
00000002A,López,Vega,Miguel,V122
00000003A,Díaz,García,María,V123
00000004A,Sánchez,Díaz,Laura,V104
00000005A,Martínez,Martínez,Carlos,V122
00000006A,Ramírez,López,Javier,V123
00000007A,Sánchez,García,Javier,V103
00000008A,García,Martínez,Carlos,V104
00000009A,Martínez,García,Pedro,V123
00000010A,Díaz,Sánchez,Miguel,V122
00000011A,Martínez,Martínez,María,V121
00000012A,Martínez,Martínez,Miguel,V112
00000013A,García,Vega,Ana,V118
00000014A,Martínez,Ramírez,Javier,V122
00000015A,Martínez,Torres,Miguel,V118
00000016A,García,Sánchez,Miguel,V110
00000017A,Martínez,Ramírez,María,V112
00000018A,Vega,Torres,Pedro,V104
00000019A,Vega,Ramírez,Laura,V110
00000020A,Torres,Vega,Miguel,V122
00000021A,Martínez,Ramírez,María,V118
00000022A,Sánchez,Vega,Laura,V123
00000023A,Sánchez,García,Laura,V105
00000024A,Martínez,López,Javier,V110
00000025A,Ramírez,Vega,María,V105
00000026A,López,Sánchez,Lucía,V103
00000027A,Torres,Sánchez,Laura,V118
00000028A,Torres,Vega,Lucía,V110
00000029A,Torres,Ramírez,Carlos,V103
00000030A,Ramírez,Vega,Pedro,V122
00000031A,Torres,Ramírez,Ana,V118
00000032A,Díaz,Torres,María,V104
00000033A,Torres,Ramírez,Javier,V118
00000034A,Ramírez,López,Pedro,V122
00000035A,Ramírez,García,Ana,V121
00000036A,García,Torres,Pedro,V110
00000037A,Martínez,Ramírez,Carlos,V118
00000038A,Díaz,López,Laura,V123
00000039A,Martínez,Torres,María,V112
00000040A,López,García,María,V105
00000041A,Díaz,García,Laura,V104
00000042A,Díaz,Vega,Lucía,V103
00000043A,López,Ramírez,Miguel,V121
00000044A,Torres,Martínez,Carlos,V105
00000045A,Vega,Sánchez,Ana,V104
00000046A,García,Martínez,María,V123
00000047A,López,Vega,Lucía,V118
00000048A,García,Díaz,Miguel,V103
00000049A,Sánchez,Martínez,Lucía,V118
00000050A,García,Torres,Pedro,V121
00000051A,Sánchez,Torres,Pedro,V104
00000052A,Díaz,Martínez,Laura,V121
00000053A,García,López,Miguel,V105
00000054A,López,López,María,V122
00000055A,Sánchez,Ramírez,Pedro,V103
00000056A,Ramírez,Sánchez,Carlos,V123
00000057A,García,García,Carlos,V103
00000058A,Torres,Vega,Miguel,V103
00000059A,Díaz,García,Ana,V121
00000060A,Vega,Sánchez,Pedro,V123
00000061A,Sánchez,Vega,Laura,V103
00000062A,Torres,García,María,V122
00000063A,Vega,García,Lucía,V104
00000064A,Martínez,Ramírez,Pedro,V110
00000065A,Sánchez,Ramírez,Ana,V118
00000066A,Torres,Díaz,Laura,V110
00000067A,Vega,García,Miguel,V110
00000068A,Sánchez,Martínez,Pedro,V112
00000069A,García,Torres,Javier,V110
00000070A,Sánchez,Vega,Pedro,V112
00000071A,Díaz,García,María,V118
00000072A,Martínez,Torres,Miguel,V118
00000073A,Díaz,López,Lucía,V105
00000074A,Díaz,Díaz,María,V121
00000075A,Torres,Torres,Javier,V121
00000076A,Vega,Martínez,Carlos,V105
00000077A,López,García,Miguel,V104
00000078A,Vega,Torres,Lucía,V118
00000079A,Sánchez,Martínez,María,V118
00000080A,Torres,Sánchez,Pedro,V122
00000081A,Martínez,Ramírez,María,V122
00000082A,Vega,García,Lucía,V121
00000083A,Vega,Vega,Miguel,V121
00000084A,Torres,Martínez,Lucía,V104
00000085A,Díaz,Díaz,Pedro,V121
00000086A,Martínez,García,Ana,V104
00000087A,Sánchez,Ramírez,Laura,V103
00000088A,Vega,Martínez,María,V105
00000089A,Sánchez,Martínez,Pedro,V103
00000090A,Sánchez,Ramírez,Pedro,V118
00000091A,López,García,Javier,V112
00000092A,García,García,Ana,V122
00000093A,López,López,Miguel,V112
00000094A,Díaz,Martínez,Miguel,V118
00000095A,Díaz,Martínez,Ana,V103
00000096A,Vega,Sánchez,Javier,V112
00000097A,Ramírez,García,Laura,V122
00000098A,Díaz,Torres,Ana,V104
00000099A,Ramírez,García,Carlos,V105
00000100A,Ramírez,Vega,Laura,V122
